airport_name,iata_code,latitude,longitude,airport_code,airport_type
Toronto Lester B. Pearson International Airport,YYZ,43.6772,-79.6306,CYYZ,large_airport
Vancouver International Airport,YVR,49.193901062,-123.183998108,CYVR,large_airport
Montreal / Pierre Elliott Trudeau International Airport,YUL,45.467837,-73.742294,CYUL,large_airport
Calgary International Airport,YYC,51.118822,-114.009933,CYYC,large_airport
Ottawa Macdonald-Cartier International Airport,YOW,45.322498,-75.669197,CYOW,large_airport
Billy Bishop Toronto City Centre Airport,YTZ,43.627499,-79.396202,CYTZ,medium_airport
Edmonton International Airport,YEG,53.3097,-113.580002,CYEG,large_airport
Winnipeg / James Armstrong Richardson International Airport,YWG,49.9099998474,-97.2398986816,CYWG,large_airport
Halifax / Stanfield International Airport,YHZ,44.8807983398,-63.5085983276,CYHZ,large_airport
Quebec Jean Lesage International Airport,YQB,46.7911,-71.393303,CYQB,large_airport
Victoria International Airport,YYJ,48.647201,-123.427792,CYYJ,medium_airport
London Airport,YXU,43.035599,-81.1539,CYXU,medium_airport
John C. Munro Hamilton International Airport,YHM,43.1735992432,-79.93499755859999,CYHM,medium_airport
Regina International Airport,YQR,50.43190002441406,-104.66600036621094,CYQR,medium_airport
Kelowna International Airport,YLW,49.9561,-119.377998,CYLW,medium_airport
Kingston Norman Rogers Airport,YGK,44.2253,-76.596901,CYGK,medium_airport
Saskatoon John G. Diefenbaker International Airport,YXE,52.17079925537109,-106.6999969482422,CYXE,medium_airport
Region of Waterloo International Airport,YKF,43.4608,-80.378601,CYKF,medium_airport
St. John's International Airport,YYT,47.618599,-52.7519,CYYT,large_airport
Montreal International (Mirabel) Airport,YMX,45.679501,-74.038696,CYMX,medium_airport
Thunder Bay Airport,YQT,48.37189865112305,-89.32389831542969,CYQT,medium_airport
Muskoka Airport,YQA,44.975376,-79.306546,CYQA,medium_airport
Gander International Airport / CFB Gander,YQX,48.936258,-54.567719,CYQX,medium_airport
Oshawa Executive Airport,YOO,43.922798,-78.894997,CYOO,medium_airport
Abbotsford International Airport,YXX,49.025299,-122.361,CYXX,medium_airport
Peterborough Municipal Airport,YPQ,44.23,-78.363297,CYPQ,medium_airport
Montréal / Saint-Hubert Metropolitan Airport,YHU,45.517502,-73.416901,CYHU,medium_airport
Niagara District Airport,YCM,43.191598,-79.171686,CYSN,medium_airport
Greater Moncton Roméo LeBlanc International Airport,YQM,46.112202,-64.678596,CYQM,medium_airport
Ottawa / Rockcliffe Airport,YRO,45.4603004456,-75.64610290530001,CYRO,medium_airport
Fredericton Airport,YFC,45.868900299072266,-66.53720092773438,CYFC,medium_airport
Sudbury Airport,YSB,46.625,-80.79889678955078,CYSB,medium_airport
Windsor Airport,YQG,42.27560043334961,-82.95559692382812,CYQG,medium_airport
Kamloops John Moose Fulton Field Regional Airport,YKA,50.703038,-120.448641,CYKA,medium_airport
Nanaimo Airport,YCD,49.05497,-123.869863,CYCD,medium_airport
Whitehorse / Erik Nielsen International Airport,YXY,60.709599,-135.067001,CYXY,medium_airport
Charlottetown Airport,YYG,46.290000915527344,-63.12110137939453,CYYG,medium_airport
Goose Bay Airport,YYR,53.3191986084,-60.4258003235,CYYR,medium_airport
Wiarton Airport,YVV,44.7458,-81.107201,CYVV,medium_airport
Boundary Bay Airport,YDT,49.0742,-123.012001,CZBB,medium_airport
Sault Ste Marie Airport,YAM,46.483216,-84.508467,CYAM,medium_airport
Ottawa / Gatineau Airport,YND,45.521702,-75.563599,CYND,medium_airport
North Bay Jack Garland Airport,YYB,46.363602,-79.422798,CYYB,medium_airport
Prince George Airport,YXS,53.884311,-122.666554,CYXS,medium_airport
Iqaluit Airport,YFB,63.756402,-68.555801,CYFB,medium_airport
Barrie-Lake Simcoe Regional Airport,YLK,44.485056,-79.554663,CYLS,medium_airport
Yellowknife International Airport,YZF,62.462799,-114.440002,CYZF,medium_airport
Penticton Airport,YYF,49.46310043334961,-119.60199737548828,CYYF,medium_airport
Chris Hadfield Airport,YZR,42.999401,-82.308899,CYZR,medium_airport
Sydney / J.A. Douglas McCurdy Airport,YQY,46.1614,-60.047798,CYQY,medium_airport
Cornwall Regional Airport,YCC,45.092637,-74.567724,CYCC,medium_airport
Grande Prairie Airport,YQU,55.1796989441,-118.885002136,CYQU,medium_airport
Brockville - Thousand Islands Regional Tackaberry Airport,XBR,44.6394004822,-75.7502975464,CNL3,small_airport
Fort McMurray Airport,YMM,56.653301239,-111.222000122,CYMM,medium_airport
Lethbridge County Airport,YQL,49.6302986145,-112.800003052,CYQL,medium_airport
St Thomas Municipal Airport,YQS,42.77000045776367,-81.11080169677734,CYQS,medium_airport
Deer Lake Airport,YDF,49.2108,-57.391399,CYDF,medium_airport
Chilliwack Airport,YCW,49.153157,-121.939309,CYCW,small_airport
Parry Sound Area Municipal Airport,YPD,45.2575,-79.829697,CNK4,small_airport
Saint John Airport,YSJ,45.31610107421875,-65.89029693603516,CYSJ,medium_airport
Brandon Municipal Airport,YBR,49.91,-99.951897,CYBR,medium_airport
Timmins/Victor M. Power,YTS,48.5696983337,-81.376701355,CYTS,medium_airport
Smiths Falls-Montague (Russ Beach) Airport,YSH,44.945801,-75.940598,CYSH,medium_airport
Red Deer Regional Airport,YQF,52.182201,-113.893997,CYQF,medium_airport
Sherbrooke Airport,YSC,45.438599,-71.691399,CYSC,medium_airport
Comox Valley Airport / CFB Comox,YQQ,49.7108,-124.887001,CYQQ,medium_airport
Tofino / Long Beach Airport,YAZ,49.079833,-125.775583,CYAZ,medium_airport
Gore Bay Manitoulin Airport,YZE,45.8853,-82.567802,CYZE,medium_airport
Pembroke Airport,YTA,45.86439895629883,-77.25170135498047,CYTA,medium_airport
Campbell River Airport,YBL,49.950802,-125.271004,CYBL,medium_airport
Trois-Rivières Airport,YRQ,46.35279846191406,-72.67939758300781,CYRQ,medium_airport
Cranbrook/Canadian Rockies International Airport,YXC,49.610801696777,-115.78199768066,CYXC,medium_airport
Dryden Regional Airport,YHD,49.831699,-92.744202,CYHD,medium_airport
High Level Airport,YOJ,58.62139892578125,-117.16500091552734,CYOJ,medium_airport
Kenora Airport,YQK,49.78829956054688,-94.36309814453124,CYQK,medium_airport
Owen Sound / Billy Bishop Regional Airport,YOS,44.5903015137,-80.8375015259,CYOS,medium_airport
Medicine Hat Regional Airport,YXH,50.018902,-110.721001,CYXH,medium_airport
Bromont (Roland Désourdy) Airport,ZBM,45.290798,-72.741402,CZBM,medium_airport
Centralia / James T. Field Memorial Aerodrome,YCE,43.285599,-81.508301,CYCE,medium_airport
Wawa Airport,YXZ,47.96670150756836,-84.78669738769531,CYXZ,medium_airport
Fort St John / North Peace Regional Airport,YXJ,56.238098,-120.739998,CYXJ,medium_airport
Rouyn Noranda Airport,YUY,48.20610046386719,-78.83560180664062,CYUY,medium_airport
Langley Airport,YLY,49.1008,-122.630997,CYNJ,medium_airport
CFB Bagotville / Saguenay-Bagotville Airport,YBG,48.331908,-70.992909,CYBG,medium_airport
Powell River Airport,YPW,49.83420181274414,-124.5,CYPW,medium_airport
Victoria Harbour Seaplane Base,YWH,48.423782,-123.37198,CYWH,seaplane_base
Watson Lake Airport,YQH,60.116839,-128.821993,CYQH,medium_airport
Hope Airport / FVRD Regional Airpark,YHE,49.368865,-121.49495,CYHE,small_airport
Churchill Airport,YYQ,58.739200592041016,-94.06500244140624,CYYQ,medium_airport
Vancouver Harbour Water Aerodrome,CXH,49.291265,-123.11717,CYHC,seaplane_base
Port Hardy Airport,YZT,50.68059921264648,-127.36699676513672,CYZT,medium_airport
Kincardine Municipal Airport,YKD,44.201401,-81.606697,CYKM,medium_airport
St Jean Airport,YJN,45.29439926147461,-73.28109741210938,CYJN,medium_airport
Chatham Kent Airport,XCM,42.3064002991,-82.0819015503,CYCK,small_airport
Sechelt-Gibsons Airport,YHS,49.4606018066,-123.71900177,CAP3,small_airport
Lloydminster Airport,YLL,53.3092,-110.072998,CYLL,medium_airport
Dymond Airport,YJT,48.544201,-58.549999,CYJT,medium_airport
Thompson Airport,YTH,55.80110168457031,-97.86419677734376,CYTH,medium_airport
Val-d'Or Airport,YVO,48.0532989502,-77.7827987671,CYVO,medium_airport
Qualicum Beach Airport,XQU,49.337456,-124.393086,CAT4,medium_airport
Castlegar/West Kootenay Regional Airport,YCG,49.296398,-117.632004,CYCG,medium_airport
Fort Nelson Airport,YYE,58.8363990784,-122.597000122,CYYE,medium_airport
Inuvik Mike Zubko Airport,YEV,68.30419921880001,-133.483001709,CYEV,medium_airport
CFB Trenton,YTR,44.118900299072266,-77.5280990600586,CYTR,medium_airport
Elliot Lake Municipal Airport,YEL,46.351398468,-82.5614013672,CYEL,medium_airport
Revelstoke Airport,YRV,50.962245,-118.184258,CYRV,medium_airport
Prince Albert Glass Field,YPA,53.2141990662,-105.672996521,CYPA,medium_airport
Prince Rupert Airport,YPR,54.2860984802,-130.445007324,CYPR,medium_airport
Rankin Inlet Airport,YRT,62.8114013672,-92.1157989502,CYRT,medium_airport
Sept-Îles Airport,YZV,50.22330093383789,-66.2656021118164,CYZV,medium_airport
Smithers Airport,YYD,54.82469940185547,-127.18299865722656,CYYD,medium_airport
Northwest Regional Airport Terrace-Kitimat,YXT,54.468498,-128.576009,CYXT,medium_airport
Dawson City Airport,YDA,64.04309844970703,-139.1280059814453,CYDA,medium_airport
Kuujjuaq Airport,YVP,58.096099853515625,-68.4269027709961,CYVP,medium_airport
Mont Joli Airport,YYY,48.60860061645508,-68.20809936523438,CYYY,medium_airport
Wabush Airport,YWK,52.92190170288086,-66.8644027709961,CYWK,medium_airport
Summerside Airport,YSU,46.440601,-63.833599,CYSU,medium_airport
Vernon Regional Airport,YVE,50.246163,-119.330963,CYVK,medium_airport
Peace River Airport,YPE,56.226898,-117.446999,CYPE,medium_airport
Quesnel Airport,YQZ,53.026100158691406,-122.51000213623048,CYQZ,medium_airport
CFB Cold Lake,YOD,54.40499877929688,-110.27899932861328,CYOD,medium_airport
Slave Lake Airport,YZH,55.292945,-114.777276,CYZH,medium_airport
Dawson Creek Airport,YDQ,55.741245,-120.183263,CYDQ,medium_airport
Red Lake Airport,YRL,51.06689834594727,-93.79309844970705,CYRL,medium_airport
The Pas Airport,YQD,53.97140121459961,-101.09100341796876,CYQD,medium_airport
Portage-la-Prairie / Southport Airport,YPG,49.903099,-98.273817,CYPG,medium_airport
Earlton (Timiskaming Regional) Airport,YXR,47.6974006546,-79.8473453522,CYXR,medium_airport
Marathon Airport,YSP,48.75529861450195,-86.34439849853516,CYSP,medium_airport
Rocky Mountain House Airport,YRM,52.4296989441,-114.903999329,CYRM,small_airport
Chapais Airport,YMT,49.77190017700195,-74.5280990600586,CYMT,medium_airport
La Ronge Airport,YVC,55.1514015198,-105.262001038,CYVC,medium_airport
Williams Lake Airport,YWL,52.1831016541,-122.054000854,CYWL,medium_airport
Yorkton Municipal Airport,YQV,51.26470184326172,-102.46199798583984,CYQV,medium_airport
Port Hawkesbury Airport,YPS,45.6567001343,-61.3680992126,CYPD,medium_airport
Shuswap Regional Airport,YSN,50.682802,-119.228996,CZAM,medium_airport
Manitoulin East Municipal Airport,YEM,45.842435,-81.857595,CYEM,medium_airport
Swift Current Airport,YYN,50.2919006348,-107.691001892,CYYN,medium_airport
Merritt Airport,YMB,50.122504,-120.745368,CAD5,small_airport
Dauphin Barker Airport,YDN,51.1008,-100.052002,CYDN,medium_airport
Hay River / Merlyn Carter Airport,YHY,60.8396987915,-115.782997131,CYHY,medium_airport
Moosonee Airport,YMO,51.29109954833984,-80.60780334472656,CYMO,medium_airport
Norman Wells Airport,YVQ,65.28160095214844,-126.7979965209961,CYVQ,medium_airport
CFB Greenwood,YZX,44.98440170288086,-64.91690063476562,CYZX,medium_airport
Edson Airport,YET,53.5788993835,-116.464996338,CYET,medium_airport
Geraldton Greenstone Regional Airport,YGQ,49.77830123901367,-86.93939971923828,CYGQ,medium_airport
Pincher Creek Airport,WPC,49.520429,-113.997002,CZPC,medium_airport
Flin Flon Airport,YFO,54.678101,-101.681999,CYFO,small_airport
Lac La Biche Airport,YLB,54.7703018188,-112.031997681,CYLB,small_airport
Maniwaki Airport,YMW,46.2728,-75.990601,CYMW,small_airport
Squamish Airport,YSE,49.7817001343,-123.162002563,CYSE,small_airport
Baie-Comeau Airport,YBC,49.1325,-68.204399,CYBC,medium_airport
Fort Chipewyan Airport,YPY,58.7672004699707,-111.11699676513672,CYPY,medium_airport
Michel-Pouliot Gaspé Airport,YGP,48.774915,-64.481893,CYGP,medium_airport
Sioux Lookout Airport,YXL,50.11389923095703,-91.9052963256836,CYXL,medium_airport
Whitecourt Airport,YZU,54.143902,-115.787003,CYZU,medium_airport
North Battleford Airport,YQW,52.769409,-108.243742,CYQW,medium_airport
Rivière-du-Loup Airport,YRI,47.76440048217773,-69.58470153808594,CYRI,medium_airport
Yarmouth Airport,YQI,43.82690048217773,-66.08809661865234,CYQI,medium_airport
Sandspit Airport,YZP,53.25429916379999,-131.813995361,CYZP,medium_airport
Schefferville Airport,YKL,54.805301666259766,-66.8052978515625,CYKL,medium_airport
Bathurst Airport,ZBF,47.6297,-65.738899,CZBF,medium_airport
Stony Rapids Airport,YSF,59.250301361083984,-105.84100341796876,CYSF,medium_airport
Moose Jaw Air Vice Marshal C. M. McEwen Airport,YMJ,50.330299377441406,-105.55899810791016,CYMJ,medium_airport
Gimli Industrial Park Airport,YGM,50.62810134887695,-97.04329681396484,CYGM,medium_airport
Fond-du-Lac Airport,ZFD,59.3344,-107.181999,CZFD,small_airport
Dease Lake Airport,YDL,58.422199,-130.031998,CYDL,small_airport
Cambridge Bay Airport,YCB,69.1081008911,-105.138000488,CYCB,medium_airport
Fort Frances Municipal Airport,YAG,48.655749,-93.44349,CYAG,medium_airport
Fort Simpson Airport,YFS,61.76020050048828,-121.23699951171876,CYFS,medium_airport
Kapuskasing Airport,YYU,49.411587,-82.469645,CYYU,medium_airport
Îles-de-la-Madeleine Airport,YGR,47.425242,-61.778612,CYGR,medium_airport
St. Anthony Airport,YAY,51.391909,-56.08321,CYAY,medium_airport
Mont-Tremblant International Airport,YTM,46.409401,-74.779999,CYFJ,medium_airport
Miramichi Airport,YCH,47.007801,-65.449203,CYCH,medium_airport
Alert Airport,YLT,82.517799,-62.280602,CYLT,medium_airport
Attawapiskat Airport,YAT,52.927502,-82.4319,CYAT,small_airport
Alberni Valley Regional Airport,YPB,49.321899,-124.931,CBS8,small_airport
Courtenay Airpark,YCA,49.679237,-124.98064,CAH3,small_airport
Baker Lake Airport,YBK,64.29889678960001,-96.077796936,CYBK,medium_airport
La Grande Rivière Airport,YGL,53.625301361083984,-77.7042007446289,CYGL,medium_airport
Pickle Lake Airport,YPL,51.4463996887207,-90.21420288085938,CYPL,medium_airport
Bonnyville Airport,YBY,54.304199,-110.744003,CYBF,medium_airport
Charlo Airport,YCL,47.990799,-66.330299,CYCL,medium_airport
Hearst René Fontaine Municipal Airport,YHF,49.71419906616211,-83.68609619140625,CYHF,medium_airport
Fort Good Hope Airport,YGH,66.240658,-128.647757,CYGH,small_airport
Wollaston Lake Airport,ZWL,58.106899,-103.171997,CZWL,small_airport
Banff Airport,YBA,51.208222,-115.540624,CYBA,small_airport
Jasper-Hinton Airport,YJP,53.319199,-117.752998,CEC4,small_airport
Masset Airport,ZMT,54.0275,-132.125,CZMT,medium_airport
Resolute Bay Airport,YRB,74.7169036865,-94.9693984985,CYRB,medium_airport
Swan River Airport,ZJN,52.120602,-101.236,CZJN,medium_airport
Rimouski Airport,YXK,48.477644,-68.496323,CYXK,medium_airport
Chapleau Airport,YLD,47.81999969482422,-83.3467025756836,CYLD,medium_airport
Charlevoix Airport,YML,47.59749984741211,-70.2238998413086,CYML,medium_airport
Estevan Airport,YEN,49.2103004456,-102.966003418,CYEN,medium_airport
Meadow Lake Airport,YLJ,54.125301361083984,-108.52300262451172,CYLJ,medium_airport
Buffalo Narrows Airport,YVT,55.8418998718,-108.417999268,CYVT,small_airport
Gjoa Haven Airport,YHK,68.635597,-95.849701,CYHK,small_airport
Texada Gillies Bay Airport,YGB,49.694341,-124.518099,CYGB,small_airport
Uranium City Airport,YBE,59.561401,-108.481003,CYBE,small_airport
Trail Regional Airport,YZZ,49.055599,-117.609001,CAD4,small_airport
South Cariboo Region / 108 Mile Airport,ZMH,51.7360992432,-121.333000183,CZML,small_airport
La Tuque Airport,YLQ,47.4096984863,-72.7889022827,CYLQ,small_airport
Vermilion Airport,YVG,53.357714,-110.827388,CYVG,small_airport
Nanaimo Harbour Water Aerodrome,ZNA,49.169813,-123.933845,CAC8,seaplane_base
Lourdes-de-Blanc-Sablon Airport,YBX,51.4436,-57.185299,CYBX,medium_airport
Fort Smith Airport,YSM,60.020302,-111.961998,CYSM,medium_airport
Kasabonika Airport,XKS,53.52470016479492,-88.6427993774414,CYAQ,medium_airport
Natashquan Airport,YNA,50.190114,-61.78898,CYNA,medium_airport
Roberval Airport,YRJ,48.519665,-72.265735,CYRJ,medium_airport
Bella Bella (Campbell Island) Airport,ZEL,52.185001,-128.156994,CBBC,medium_airport
Bella Coola Airport,QBC,52.387501,-126.596001,CYBD,medium_airport
Bonaventure Airport,YVB,48.071098,-65.460297,CYVB,medium_airport
Havre-Saint-Pierre Airport,YGV,50.281898,-63.611401,CYGV,medium_airport
Kindersley Airport,YKY,51.5175018311,-109.180999756,CYKY,medium_airport
Kirkland Lake Airport,YKX,48.21030044555664,-79.98139953613281,CYKX,medium_airport
Kashechewan Airport,ZKE,52.282501,-81.677803,CZKE,small_airport
Kugluktuk Airport,YCO,67.816408,-115.14307,CYCO,small_airport
Old Crow Airport,YOC,67.570602,-139.839005,CYOC,small_airport
Kuujjuarapik Airport,YGW,55.28189849853516,-77.76529693603516,CYGW,medium_airport
Points North Landing Airport,YNL,58.27669906616211,-104.08200073242188,CYNL,medium_airport
Rainbow Lake Airport,YOP,58.491402,-119.407997,CYOP,medium_airport
Alma Airport,YTF,48.5089,-71.641899,CYTF,medium_airport
Churchill Falls Airport,ZUM,53.5619010925293,-64.10639953613281,CZUM,small_airport
Deer Lake Airport,YVZ,52.655613,-94.061208,CYVZ,small_airport
Déline Airport,YWJ,65.211098,-123.435997,CYWJ,small_airport
Fort MacKay/Albian Aerodrome,JHL,57.2238998413,-111.418998718,CAL4,small_airport
Duncan Airport,DUQ,48.754534,-123.709702,CAM3,small_airport
Fort Mackay / Firebag,YFI,57.275833,-110.976666,CFG6,small_airport
Lynn Lake Airport,YYL,56.86389923095703,-101.07599639892578,CYYL,medium_airport
Sandy Lake Airport,ZSJ,53.06420135498047,-93.34439849853516,CZSJ,medium_airport
Hall Beach Airport,YUX,68.7761,-81.2425,CYUX,medium_airport
Burns Lake Airport,YPZ,54.3764,-125.950996,CYPZ,medium_airport
Cache Creek-Ashcroft Regional Airport,YZA,50.775258,-121.321314,CAZ5,medium_airport
Atikokan Municipal Airport,YIB,48.773899,-91.638603,CYIB,medium_airport
Chetwynd Airport,YCQ,55.687198638916016,-121.6269989013672,CYCQ,medium_airport
Digby / Annapolis Regional Airport,YDG,44.5458450365,-65.7854247093,CYID,medium_airport
Key Lake Airport,YKJ,57.25609970092773,-105.61799621582033,CYKJ,medium_airport
Stewart Airport,ZST,55.935410448,-129.982434511,CZST,medium_airport
Alert Bay Airport,YAL,50.582199,-126.916,CYAL,small_airport
Arviat Airport,YEK,61.0942,-94.070801,CYEK,small_airport
Fort Hope Airport,YFH,51.561901,-87.907799,CYFH,small_airport
Fort Mcpherson Airport,ZFM,67.406993,-134.860182,CZFM,small_airport
Grise Fiord Airport,YGZ,76.425823,-82.908583,CYGZ,small_airport
Nemiscau Airport,YNS,51.691101,-76.135597,CYHH,small_airport
Norway House Airport,YNE,53.958302,-97.8442,CYNE,small_airport
Pikangikum Airport,YPM,51.819698,-93.973297,CYPM,small_airport
Tuktoyaktuk / James Gruben Airport,YUB,69.433296,-133.026001,CYUB,small_airport
Wemindji Airport,YNC,53.010601,-78.8311,CYNC,small_airport
Eureka Airport,YEU,79.9946975708,-85.814201355,CYEU,small_airport
High Prairie Airport,ZHP,55.3936,-116.474998,CZHP,small_airport
Coral Harbour Airport,YZS,64.1932983398,-83.3593978882,CYZS,medium_airport
Island Lake Airport,YIV,53.857200622558594,-94.65360260009766,CYIV,medium_airport
Anahim Lake Airport,YAA,52.451501,-125.303776,CAJ4,medium_airport
St Augustin Airport,YIF,51.2117,-58.658298,CYIF,medium_airport
Dolbeau-Saint-Felicien Airport,YDO,48.7785,-72.375,CYDO,medium_airport
Fort Resolution Airport,YFR,61.1808013916,-113.690002441,CYFR,medium_airport
Grand Forks Airport,ZGF,49.015598,-118.431,CZGF,medium_airport
Saint-Léonard Airport,YSL,47.157097,-67.836242,CYSL,medium_airport
Cartwright Airport,YRF,53.682501,-57.042303,CYCA,small_airport
Chevery Airport,YHR,50.468322,-59.637823,CYHR,small_airport
Fort Albany Airport,YFA,52.203451,-81.695194,CYFA,small_airport
Fort Severn Airport,YER,56.018902,-87.676102,CYER,small_airport
Gods Lake Narrows Airport,YGO,54.55768,-94.490061,CYGO,small_airport
Gods River Airport,ZGI,54.839699,-94.078598,CZGI,small_airport
Inukjuak Airport,YPH,58.471901,-78.076897,CYPH,small_airport
Cape Dorset Airport,YTE,64.230003,-76.526703,CYTE,small_airport
Pangnirtung Airport,YXP,66.144878,-65.713606,CYXP,small_airport
Peawanuck Airport,YPO,54.987932,-85.442648,CYPO,small_airport
Qikiqtarjuaq Airport,YVM,67.54656,-64.03141,CYVM,small_airport
Sachigo Lake Airport,ZPB,53.890885,-92.195935,CZPB,small_airport
Shamattawa Airport,ZTM,55.86356,-92.081137,CZTM,small_airport
Tulita Airport,ZFN,64.909496,-125.570297,CZFN,small_airport
Waskaganish Airport,YKQ,51.473301,-78.758301,CYKQ,small_airport
Whale Cove Airport,YXN,62.240002,-92.598099,CYXN,small_airport
York Landing Airport,ZAC,56.089401,-96.089203,CZAC,small_airport
La Romaine Airport,ZGS,50.259553,-60.674357,CTT5,small_airport
Collins Bay Airport,YKC,58.2360992432,-103.678001404,CYKC,small_airport
Conklin (Leismer) Airport,CFM,55.695301,-111.278999,CET2,small_airport
Creston Valley Regional Airport - Art Sutcliffe Field,CFQ,49.03689956665,-116.49800109863,CAJ3,small_airport
Fairmont Hot Springs Airport,YCZ,50.331052,-115.873739,CYCZ,small_airport
Fort Mackay / Horizon Airport,HZP,57.381699,-111.700996,CYNR,small_airport
Nakina Airport,YQN,50.18280029296875,-86.69640350341797,CYQN,medium_airport
Port-Menier Airport,YPN,49.836399,-64.288597,CYPN,medium_airport
Puvirnituq Airport,YPX,60.050598,-77.286903,CYPX,medium_airport
Petawawa Heliport,YWA,45.952202,-77.319199,CYWA,heliport
Cochrane Airport,YCN,49.10559844970703,-81.01360321044922,CYCN,medium_airport
Kelsey Airport,KES,56.0374984741,-96.5096969604,CZEE,medium_airport
Bearskin Lake Airport,XBE,53.965599060058594,-91.0271987915039,CNE3,small_airport
Berens River Airport,YBV,52.358898,-97.018303,CYBV,small_airport
Big Trout Lake Airport,YTL,53.817799,-89.896896,CYTL,small_airport
Cat Lake Airport,YAC,51.7272,-91.824402,CYAC,small_airport
Chesterfield Inlet Airport,YCS,63.346901,-90.731102,CYCS,small_airport
Chisasibi Airport,YKU,53.80559921264648,-78.91690063476562,CSU2,small_airport
Cross Lake (Charlie Sinclair Memorial) Airport,YCR,54.609758,-97.762442,CYCR,small_airport
Gillam Airport,YGX,56.35712,-94.711504,CYGX,small_airport
Igloolik Airport,YGT,69.3647,-81.816101,CYGT,small_airport
Lac Brochet Airport,XLB,58.614279,-101.468954,CZWH,small_airport
Little Grand Rapids Airport,ZGR,52.045417,-95.46617,CZGR,small_airport
Lutselk'e Airport,YSG,62.417823,-110.682793,CYLK,small_airport
Nain Airport,YDP,56.550778,-61.682224,CYDP,small_airport
Oxford House Airport,YOH,54.9333,-95.2789,CYOH,small_airport
Paulatuk (Nora Aliqatchialuk Ruben) Airport,YPC,69.360838,-124.07547,CYPC,small_airport
Pond Inlet Airport,YIO,72.689494,-77.968941,CYIO,small_airport
Poplar Hill Airport,YHP,52.1133,-94.2556,CYHP,small_airport
Poplar River Airport,XPP,52.996526,-97.274194,CZNG,small_airport
Salluit Airport,YZG,62.179401,-75.667198,CYZG,small_airport
South Indian Lake Airport,XSI,56.792801,-98.907204,CZSN,small_airport
St. Theresa Point Airport,YST,53.845261,-94.851966,CYST,small_airport
Webequie Airport,YWP,52.959393,-87.374868,CYWP,small_airport
Wunnumin Lake Airport,WNN,52.893902,-89.2892,CKL3,small_airport
Donnelly Airport,YOE,55.7094,-117.094002,CFM4,small_airport
Drayton Valley Industrial Airport,YDC,53.265800476074,-114.95999908447,CER3,small_airport
Fairview Airport,ZFW,56.081401825,-118.434997559,CEB5,small_airport
Tumbler Ridge Airport,TUX,55.025001525879,-120.93499755859,CBX7,small_airport
Armstrong Airport,YYW,50.29029846191406,-88.90969848632812,CYYW,medium_airport
Beaver Creek Airport,YXQ,62.410301208496094,-140.86700439453125,CYXQ,medium_airport
Faro Airport,ZFA,62.20750045776367,-133.37600708007812,CZFA,medium_airport
Forestville Airport,YFE,48.74610137939453,-69.09719848632812,CYFE,medium_airport
Fort Liard Airport,YJF,60.2358016968,-123.46900177,CYJF,medium_airport
Hornepayne Municipal Airport,YHN,49.19309997558594,-84.75890350341797,CYHN,medium_airport
Matagami Airport,YNM,49.76169967651367,-77.80280303955078,CYNM,medium_airport
Matane Airport,YME,48.85689926147461,-67.45330047607422,CYME,medium_airport
Pikwitonei Airport,PIW,55.58890151977539,-97.16419982910156,CZMN,medium_airport
Teslin Airport,YZW,60.17279815673828,-132.7429962158203,CYZW,medium_airport
Aklavik/Freddie Carmichael Airport,LAK,68.223297,-135.00599,CYKD,small_airport
Brochet Airport,YBT,57.8894,-101.679001,CYBT,small_airport
Eastmain River Airport,ZEM,52.226398,-78.522499,CZEM,small_airport
Ilford Airport,ILF,56.051622,-95.61882,CZBD,small_airport
Kangiqsualujjuaq (Georges River) Airport,XGR,58.711399,-65.992798,CYLU,small_airport
La Tabatière Airport,ZLT,50.8307991027832,-58.97560119628906,CTU5,small_airport
Muskrat Dam Airport,MSA,53.441399,-91.762802,CZMD,small_airport
Red Sucker Lake Airport,YRS,54.167198,-93.557198,CYRS,small_airport
Naujaat Airport,YUT,66.521024,-86.225166,CYUT,small_airport
Round Lake (Weagamow Lake) Airport,ZRJ,52.9436,-91.312798,CZRJ,small_airport
Sachs Harbour (David Nasogaluak Jr. Saaryuaq) Airport,YSY,71.993896,-125.242996,CYSY,small_airport
Sanikiluaq Airport,YSK,56.536891,-79.250221,CYSK,small_airport
Tadoule Lake Airport,XTL,58.706308,-98.511057,CYBQ,small_airport
Taloyoak Airport,YYH,69.5467,-93.576698,CYYH,small_airport
Ulukhaktok Holman Airport,YHI,70.762802,-117.806,CYHI,small_airport
Arctic Bay Airport,YAB,73.006101,-85.04616,CYAB,small_airport
Black Tickle Airport,YBI,53.469836,-55.787501,CCE4,small_airport
Bloodvein River Airport,YDV,51.784568,-96.692305,CZTA,small_airport
Keewaywin Airport,KEW,52.9911,-92.836403,CPV8,small_airport
Chilko Lake (Tsylos Park Lodge) Airport,CJH,51.625797,-124.144478,CAG3,small_airport
Cluff Lake Airport,XCL,58.3911018372,-109.51599884,CJS3,small_airport
Coronation Airport,YCT,52.0750007629,-111.444999695,CYCT,small_airport
Douglas Lake Airport,DGF,50.1654600485,-120.171273351,CAL3,small_airport
Prince Rupert/Seal Cove Seaplane Base,ZSW,54.333302,-130.283005,CZSW,seaplane_base
Tofino Harbour Seaplane Base,YTP,49.155,-125.91,CAB4,seaplane_base
Amos/Magny Airport,YEY,48.563903,-78.249702,CYEY,medium_airport
Burwash Airport,YDB,61.371101,-139.041,CYDB,medium_airport
Ekati Airport,YOA,64.6988983154,-110.614997864,CYOA,medium_airport
Haines Junction Airport,YHT,60.7892,-137.546005,CYHT,medium_airport
Ignace Municipal Airport,ZUC,49.428204,-91.720418,CZUC,medium_airport
La Grande-4 Airport,YAH,53.754699707,-73.6753005981,CYAH,medium_airport
Manitouwadge Airport,YMG,49.08390045166016,-85.86060333251953,CYMG,medium_airport
Mayo Airport,YMA,63.61640167236328,-135.8679962158203,CYMA,medium_airport
Thicket Portage Airport,YTD,55.31890106201172,-97.70780181884766,CZLQ,medium_airport
Wrigley Airport,YWY,63.20940017700195,-123.43699645996094,CYWY,medium_airport
Akulivik Airport,AKV,60.8186,-78.148598,CYKO,small_airport
Wapekeka Airport,YAX,53.84920120239258,-89.57939910888672,CKB6,small_airport
Clyde River Airport,YCY,70.486099,-68.516701,CYCY,small_airport
Rae Lakes Airport,YRA,64.116096,-117.309998,CYRA,small_airport
Hopedale Airport,YHO,55.448757,-60.228124,CYHO,small_airport
Ivujivik Airport,YIK,62.417301,-77.925301,CYIK,small_airport
Kangiqsujuaq (Wakeham Bay) Airport,YWB,61.5886,-71.929398,CYKG,small_airport
Kangirsuk Airport,YKG,60.027199,-69.999199,CYAS,small_airport
Kingfisher Lake Airport,KIF,53.01250076293945,-89.85530090332031,CNM5,small_airport
Kugaaruk Airport,YBB,68.535711,-89.805508,CYBB,small_airport
Lansdowne House Airport,YLH,52.195599,-87.934196,CYLH,small_airport
Makkovik Airport,YMN,55.077335,-59.187942,CYFT,small_airport
North Spirit Lake Airport,YNO,52.4900016784668,-92.97109985351562,CKQ3,small_airport
Ogoki Post Airport,YOG,51.6585998535,-85.9017028809,CYKP,small_airport
Pukatawagan Airport,XPK,55.749199,-101.265999,CZFG,small_airport
St. Lewis (Fox Harbour) Airport,YFX,52.372799,-55.673901,CCK4,small_airport
Tasiujaq Airport,YTQ,58.667801,-69.955803,CYTQ,small_airport
Tête-à-la-Baleine Airport,ZTB,50.67440032958984,-59.38359832763672,CTB6,small_airport
Umiujaq Airport,YUD,56.536098,-76.518303,CYMU,small_airport
Kégashka Airport,ZKG,50.195801,-61.2658,CTK6,small_airport
Natuashish Airport,YNP,55.913898,-61.184399,CNH2,small_airport
Wekweètì Airport,YFJ,64.190804,-114.077002,CYWE,small_airport
Bob Quinn Lake Airport,YBO,56.966702,-130.25,CBW4,small_airport
Cowley Airport,YYM,49.6363983154,-114.09400177,CYYM,small_airport
Diavik Airport,DVK,64.5113983154,-110.289001465,CDK2,small_airport
Fort McMurray / Mildred Lake Airport,NML,57.0555992126,-111.573997498,CER4,small_airport
Hudson Bay Airport,YHB,52.8166999817,-102.310997009,CYHB,small_airport
Jasper Airport,YJA,52.996418,-118.060233,CYJA,small_airport
Dean River Airport,YRD,52.82371,-126.964957,YRD,small_airport
Kirby Lake Airport,KFM,55.355598,-110.637001,CRL4,small_airport
Laurie River Airport,LRQ,56.2486000061,-101.304000854,CJC8,small_airport
Lebel-sur-Quevillon Airport,YLS,49.0303001404,-77.0171966553,CSH4,small_airport
Pinehouse Lake Airport,ZPO,55.5280990601,-106.582000732,CZPO,small_airport
Taltheilei Narrows Airport,GSL,62.5980987549,-111.542999268,CFA7,small_airport
Tisdale Airport,YTT,52.836700439453,-104.06700134277,CJY3,small_airport
Parry Sound/Frying Pan Island-Sans Souci Seaplane Base,YSI,45.173302,-80.137497,CPS9,seaplane_base
Alpine Heliport,CBA,49.8636,-119.568045,CAB7,heliport
Whistler/Green Lake Water Aerodrome,YWS,50.1436004639,-122.948997498,CAE5,seaplane_base
Ross River Airport,XRR,61.9706001282,-132.42300415,CYDM,medium_airport
Aupaluk Airport,YPJ,59.2967,-69.599701,CYLA,small_airport
Kimmirut Airport,YLC,62.848253,-69.877853,CYLC,small_airport
Mary's Harbour Airport,YMH,52.302837,-55.847433,CYMH,small_airport
Port Hope Simpson Airport,YHA,52.528099060058594,-56.28609848022461,CCP4,small_airport
Quaqtaq Airport,YQC,61.046398,-69.617798,CYHA,small_airport
Rigolet Airport,YRG,54.1796989440918,-58.45750045776367,CCZ2,small_airport
Summer Beaver Airport,SUR,52.70859909057617,-88.54190063476562,CJV7,small_airport
Whatì Airport,YLE,63.13169860839844,-117.24600219726562,CEM3,small_airport
Williams Harbour Airport,YWM,52.567377,-55.784883,CCA6,small_airport
Charlottetown Airport,YHG,52.765774,-56.11237,CCH4,small_airport
Port McNeill Airport,YMP,50.57348,-127.027702,CAT5,small_airport
Postville Airport,YSO,54.9105,-59.78507,CCD4,small_airport
Cheadle Airport,TIL,51.057498931885,-113.62400054932,CFQ4,small_airport
Bar River Airport,YEB,46.421233,-84.096478,CPF2,small_airport
Fontanges Airport,YFG,54.553901672363,-71.173301696777,CTU2,small_airport
Great Bear Lake Airport,DAS,66.703053,-119.716816,CFF4,small_airport
Donaldson Airport,YAU,61.6622009277,-73.3214035034,CTP9,small_airport
Gahcho Kue,GHK,63.435198,-109.144812,CGK2,small_airport
La Sarre Airport,SSQ,48.917198181152,-79.178596496582,CSR8,small_airport
Opapimiskan Lake Airport,YBS,52.6067008972,-90.3768997192,CKM8,small_airport
Sable Island Landing Strip,YSA,43.930951,-59.996147,CSB2,small_airport
Saglek Airport,YSV,58.474312,-62.653999,CA-0322,small_airport
Snap Lake Airport,YNX,63.593601,-110.905998,CSK6,small_airport
Tungsten (Cantung) Airport,TNS,61.956901550293,-128.20300292969,CBX5,small_airport
Chute-Des-Passes/Lac Margane Seaplane Base,YWQ,49.9434,-71.138,CTM3,seaplane_base
Mayne Island Seaplane Base,YAV,48.852241,-123.301982,CAW7,seaplane_base
Rivers Inlet Seaplane Base,YRN,51.683985,-127.264044,CAU8,seaplane_base
Ganges Seaplane Base,YGG,48.8545,-123.4969,CAX6,seaplane_base
Sullivan Bay Seaplane Base,YTG,50.885359,-126.831069,CAV5,seaplane_base
Tahsis Seaplane Base,ZTS,49.92,-126.655,CAL9,seaplane_base
Klemtu Water Aerodrome,YKT,52.6076345452,-128.521757126,YKT,seaplane_base
Telegraph Harbour Seaplane Base,YBQ,48.97,-123.664,YBQ,seaplane_base
Jenpeg Airport,ZJG,54.51890182495117,-98.0460968017578,CZJG,medium_airport
Leaf Rapids Airport,YLR,56.513301849365234,-99.98529815673828,CYLR,medium_airport
Tommy Kochon Airport,YCK,67.02,-126.126,CYVL,small_airport
Stuart Island Airstrip,YRR,50.409447,-125.131617,CA-0446,small_airport
Opinaca Aerodrome,YOI,52.221944,-76.611944,YOI,small_airport
Hatchet Lake Airport,YDJ,58.662498474121,-103.53800201416,CJL2,small_airport
Doris Lake,JOJ,68.1252746582,-106.585281372,CDL7,small_airport
Hope Bay Aerodrome,UZM,68.156,-106.618,UZM,small_airport
Hudson's Hope Airport,YNH,56.035142,-121.978326,CYNH,small_airport
Kasba Lake Airport,YDU,60.291900634766,-102.50199890137,CJL8,small_airport
Knee Lake Airport,YKE,54.915298,-94.798103,CJT3,small_airport
La Grande-3 Airport,YAR,53.5717010498,-76.19640350339999,CYAD,small_airport
Mingan Airport,YLP,50.2869,-64.1528,YLP,small_airport
Macmillan Pass Airport,XMP,63.181098938,-130.20199585,CFC4,small_airport
Mary River Aerodrome,YMV,71.324167,-79.356944,CA-0504,small_airport
North of Sixty Airport,YDW,60.316398620605,-103.12899780273,CKV4,small_airport
Primrose Airport,PFM,55.390002,-111.1198,CA-0297,small_airport
Bamfield Seaplane Base,YBF,48.835967,-125.137453,CAE9,seaplane_base
Bedwell Harbour Seaplane Base,YBW,48.75,-123.233001709,CAB3,seaplane_base
Bella Bella/Shearwater Seaplane Base,YSX,52.150002,-128.08299,CAW8,seaplane_base
Campbell River Seaplane Base,YHH,50.049999,-125.25,CAE3,seaplane_base
Fort Reliance Seaplane Base,YFL,62.7,-109.167,CJN8,seaplane_base
Hartley Bay Seaplane Base,YTB,53.416698,-129.25,CAY4,seaplane_base
Kitkatla Seaplane Base,YKK,53.7999992371,-130.432998657,CAP7,seaplane_base
Mansons Landing Seaplane Base,YMU,50.07137,-124.98362,CAV7,seaplane_base
Ocean Falls Seaplane Base,ZOF,52.3666992188,-127.717002869,CAH2,seaplane_base
Powell Lake Seaplane Base,WPL,49.887335,-124.53372,CAQ8,seaplane_base
Queen Charlotte City Seaplane Base,ZQS,53.25282,-132.074214,CAQ6,seaplane_base
Canadian Forces Base Suffield Heliport,YSD,50.276359,-111.180189,CYSD,heliport
Big Bay Seaplane Base,YIG,50.3923,-125.1372,CAF6,seaplane_base
Pender Harbour Seaplane Base,YPT,49.623785,-124.024884,CAG8,seaplane_base
White River Seaplane Base,YWR,48.6269,-85.223297,CNJ8,seaplane_base
Baie-Johan-Beetz Water Aerodrome,YBJ,50.283745,-62.81004,YBJ,seaplane_base
Blubber Bay Seaplane Base,XBB,49.793958,-124.621064,XBB,seaplane_base
Greenway Sound Seaplane Base,YGN,50.839,-126.775,YGN,seaplane_base
Bull Harbour Water Aerodrome,YBH,50.9179,-127.9372,YBH,seaplane_base
Cortes Bay Water Aerodrome,YCF,50.063,-124.930002,YCF,seaplane_base
Refuge Cove Seaplane Base,YRC,50.1234,-124.843,YRC,seaplane_base
Silva Bay Seaplane Base,SYF,49.151,-123.698,SYF,seaplane_base
Montague Harbour Seaplane Base,YMF,48.89225,-123.39215,CA-0923,seaplane_base
Gorge Harbour Seaplane Base,YGE,50.0994,-125.0235,YGE,seaplane_base
Hakai Passage Water Aerodrome,YHC,51.669733,-128.08181,CA-0841,seaplane_base
Maple Bay Seaplane Base,YAQ,48.8167,-123.6084,YAQ,seaplane_base
Namu Water Aerodrome,ZNU,51.862825,-127.869357,ZNU,seaplane_base
April Point Seaplane Base,YQJ,50.065,-125.235,YQJ,seaplane_base
Lyall Harbour Seaplane Base,YAJ,48.795274,-123.181801,YAJ,seaplane_base
